20181016_13:37:28.612000,-0.8051605,-9.051605,-1.0894012
20181016_13:37:28.622000,-0.67826843,-9.003723,-1.048706
20181016_13:37:28.632000,-0.76446533,-8.943863,-1.0511017
20181016_13:37:28.642000,-0.7812195,-9.123428,-1.0989838
20181016_13:37:28.652000,-0.88656616,-9.331726,-1.1229248
20181016_13:37:28.662000,-0.9871216,-9.540024,-1.0750427
20181016_13:37:28.672000,-1.0517578,-9.693253,-1.1348877
20181016_13:37:28.682000,-1.008667,-9.765076,-1.1420746
20181016_13:37:28.692000,-0.94880676,-9.750717,-1.2210846
20181016_13:37:28.702000,-0.85543823,-9.705215,-1.1899567
20181016_13:37:28.712000,-0.75727844,-9.607056,-1.0056
20181016_13:37:28.722000,-0.7476959,-9.5903015,-0.8954773
20181016_13:37:28.732000,-0.7764282,-9.619034,-0.84280396
20181016_13:37:28.742000,-0.90571594,-9.642975,-0.6919708
20181016_13:37:28.752000,-1.0206451,-9.757889,-0.5028229
20181016_13:37:28.762000,-1.1523285,-9.927887,-0.2993164
20181016_13:37:28.772000,-1.1044312,-10.251099,-0.27297974
20181016_13:37:28.782000,-0.97514343,-10.516861,-0.49803162
20181016_13:37:28.792000,-0.70700073,-10.770645,-0.7039337
20181016_13:37:28.802000,-0.30477905,-10.789795,-0.96969604
20181016_13:37:28.812000,0.18363953,-10.799377,-1.2115021
20181016_13:37:28.822000,0.6983948,-10.727539,-1.4389496
20181016_13:37:28.832000,1.1413269,-10.483337,-1.5490875
20181016_13:37:28.842000,1.4525757,-10.279831,-1.1803894
20181016_13:37:28.852000,1.5435486,-9.99971,-0.9720917
20181016_13:37:28.863000,1.4549713,-9.76268,-0.74464417
20181016_13:37:28.873000,1.3807373,-9.686066,-0.49803162
20181016_13:37:28.883000,1.2179413,-9.745926,-0.22988892
20181016_13:37:28.893000,0.9282379,-9.865631,-0.033554077
20181016_13:37:28.903000,0.6936035,-9.935059,0.031082153
20181016_13:37:28.913000,0.5308075,-9.90155,0.026290894
20181016_13:37:28.923000,0.44221497,-9.925491,-0.105392456
20181016_13:37:28.933000,0.25785828,-9.915909,-0.2993164
20181016_13:37:28.943000,0.24349976,-9.932663,-0.49803162
20181016_13:37:28.953000,0.21716309,-9.86084,-0.64886475
20181016_13:37:29.008000,0.111816406,-9.815353,-0.79252625
20181016_13:37:28.973000,0.087875366,-9.779434,-0.79252625
20181016_13:37:28.983000,0.056747437,-9.8081665,-0.75660706
20181016_13:37:28.993000,0.051956177,-9.789017,-0.7613983
20181016_13:37:29.003000,0.1405487,-9.82254,-0.7254791
20181016_13:37:29.013000,0.15730286,-9.915909,-0.6919708
20181016_13:37:29.023000,0.15490723,-9.997314,-0.7901306
20181016_13:37:29.033000,0.116607666,-10.081116,-0.9242096
20181016_13:37:29.043000,0.119003296,-10.133789,-0.97688293
20181016_13:37:29.053000,0.111816406,-10.121811,-0.9074402
20181016_13:37:29.063000,0.19322205,-10.057175,-0.7254791
20181016_13:37:29.073000,0.13336182,-10.023651,-0.43579102
20181016_13:37:29.083000,-0.058166504,-9.8081665,-0.033554077
20181016_13:37:29.093000,-0.51068115,-9.640579,0.21783447
20181016_13:37:29.103000,-0.9895172,-9.554382,0.40219116
20181016_13:37:29.114000,-1.2863922,-9.688461,0.4380951
20181016_13:37:29.124000,-1.3869476,-9.824936,0.4309082
20181016_13:37:29.134000,-1.6742554,-9.844086,0.39979553
20181016_13:37:29.144000,-1.9376221,-9.774658,0.5266876
20181016_13:37:29.154000,-2.2249298,-9.6453705,0.6344147
20181016_13:37:29.164000,-2.3637848,-9.597488,0.71821594
20181016_13:37:29.174000,-2.4667358,-9.741135,0.663147
20181016_13:37:29.184000,-2.4667358,-9.836899,0.61286926
20181016_13:37:29.194000,-2.4044952,-9.880005,0.62005615
20181016_13:37:29.204000,-2.3494263,-9.853668,0.60569763
20181016_13:37:29.214000,-2.2512665,-9.74353,0.5386505
20181016_13:37:29.224000,-2.2464752,-9.623825,0.4883728
20181016_13:37:29.234000,-2.3853302,-9.48735,0.4883728
20181016_13:37:29.244000,-2.5529327,-9.523254,0.40457153
20181016_13:37:29.254000,-2.7348938,-9.58551,0.3183899
20181016_13:37:29.264000,-2.9862823,-9.626205,0.2034607
20181016_13:37:29.274000,-3.218521,-9.599869,0.09333801
20181016_13:37:29.284000,-3.3693542,-9.578323,-0.059890747
20181016_13:37:29.294000,-3.491455,-9.504105,-0.20355225
20181016_13:37:29.304000,-3.491455,-9.434677,-0.35917664
20181016_13:37:29.314000,-3.218521,-9.389191,-0.41662598
20181016_13:37:29.324000,-2.6558838,-9.516083,-0.5243683
20181016_13:37:29.334000,-1.9831085,-9.8081665,-0.6416931
20181016_13:37:29.344000,-1.3055573,-10.126602,-0.708725
20181016_13:37:29.355000,-0.6950226,-10.267853,-0.7733612
20181016_13:37:29.365000,-0.33828735,-10.164902,-0.7542114
20181016_13:37:29.375000,-0.16111755,-9.973373,-0.6680298
20181016_13:37:29.385000,-0.1730957,-9.844086,-0.5028229
20181016_13:37:29.395000,-0.48434448,-9.800995,-0.4549408
20181016_13:37:29.405000,-0.8410797,-9.7291565,-0.51000977
20181016_13:37:29.415000,-1.0541534,-9.68367,-0.7733612
20181016_13:37:29.425000,-1.0134583,-9.721985,-1.0630646
20181016_13:37:29.435000,-1.032608,-9.707611,-1.2833405
20181016_13:37:29.445000,-1.0972595,-9.738739,-1.455719
20181016_13:37:29.455000,-1.1331635,-9.8033905,-1.6089478
20181016_13:37:29.465000,-1.1738739,-9.760284,-1.5921783
20181016_13:37:29.475000,-1.1762695,-9.66452,-1.6855621
20181016_13:37:29.485000,-1.1499329,-9.58551,-1.7501984
20181016_13:37:29.495000,-1.1283722,-9.44664,-1.8220367
20181016_13:37:29.505000,-1.1451416,-9.34848,-1.8699188
20181016_13:37:29.515000,-1.0517578,-9.362854,-1.8627319
20181016_13:37:29.525000,-1.0493774,-9.372421,-1.8148499
20181016_13:37:29.535000,-0.9799347,-9.44426,-1.8172455
20181016_13:37:29.545000,-0.89375305,-9.542419,-1.752594
20181016_13:37:29.555000,-0.9320526,-9.575928,-1.728653
20181016_13:37:29.565000,-0.9009247,-9.614243,-1.6783752
20181016_13:37:29.575000,-1.0589447,-9.638184,-1.807663
20181016_13:37:29.585000,-1.3175201,-9.6453705,-2.0901794
20181016_13:37:29.595000,-1.5449677,-9.68367,-2.38945
20181016_13:37:29.605000,-1.5808868,-9.7291565,-2.5833893
20181016_13:37:29.616000,-1.5066681,-9.820145,-2.5929565
20181016_13:37:29.626000,-1.5114594,-9.78183,-2.5019836
20181016_13:37:29.636000,-1.4755402,-9.70282,-2.3511505
20181016_13:37:29.646000,-1.5449677,-9.597488,-2.250595
20181016_13:37:29.656000,-1.4156799,-9.609451,-2.183548
20181016_13:37:29.666000,-1.3630066,-9.561569,-2.1931305
20181016_13:37:29.676000,-1.2576599,-9.520874,-2.2601624
20181016_13:37:29.686000,-1.0924683,-9.556778,-2.38945
20181016_13:37:29.696000,-1.0110626,-9.616638,-2.5642242
20181016_13:37:29.706000,-0.90571594,-9.619034,-2.7198486
20181016_13:37:29.716000,-0.88417053,-9.532837,-2.8898468
20181016_13:37:29.726000,-0.8721924,-9.530441,-3.0694122
20181016_13:37:29.736000,-0.81474304,-9.614243,-3.2417908
20181016_13:37:29.746000,-0.46517944,-9.705215,-3.215454
20181016_13:37:29.756000,-0.2712555,-9.690857,-3.5027618
20181016_13:37:29.766000,-0.043807983,-9.824936,-4.08934
20181016_13:37:29.776000,0.24110413,-10.0212555,-4.666336
20181016_13:37:29.786000,0.5020752,-10.306168,-4.903366
20181016_13:37:29.796000,0.74627686,-10.253494,-4.362274
20181016_13:37:29.806000,0.6361542,-10.09787,-3.7397919
20181016_13:37:29.816000,0.49967957,-10.035614,-3.2609406
20181016_13:37:29.826000,0.50686646,-10.107452,-3.0215302
20181016_13:37:29.836000,0.21237183,-10.064346,-2.80365
20181016_13:37:29.846000,-0.16830444,-9.578323,-2.7557678
20181016_13:37:29.856000,-0.6447449,-9.274261,-2.9832153
20181016_13:37:29.867000,-1.0158539,-8.79303,-2.899414
20181016_13:37:29.877000,-0.8961487,-8.570374,-2.7390137
20181016_13:37:29.887000,-0.81474304,-8.433899,-2.2170715
20181016_13:37:29.897000,-0.7740326,-8.493759,-1.7957001
20181016_13:37:29.907000,-0.77163696,-8.43869,-1.4964142
20181016_13:37:29.917000,-0.98472595,-8.338135,-1.8028717
20181016_13:37:29.927000,-1.3725891,-8.113083,-2.372696
20181016_13:37:29.937000,-1.7604523,-8.06041,-2.6145172
20181016_13:37:29.947000,-1.9591675,-8.189697,-2.5809937
20181016_13:37:29.957000,-2.162674,-8.350098,-2.5450745
20181016_13:37:29.967000,-2.1052094,-8.584732,-2.9664612
20181016_13:37:29.977000,-1.9017029,-8.79303,-3.440506
20181016_13:37:29.987000,-1.6311646,-8.941467,-3.823578
20181016_13:37:29.997000,-1.4851227,-8.977386,-3.9121704
20181016_13:37:30.007000,-1.3318939,-8.986954,-3.7613373
20181016_13:37:30.017000,-1.2049866,-9.022873,-3.7230225
20181016_13:37:30.027000,-0.9248657,-9.12822,-3.6128845
20181016_13:37:30.037000,-0.63757324,-9.274261,-3.5147247
20181016_13:37:30.047000,-0.36941528,-9.434677,-3.5386658
20181016_13:37:30.057000,-0.1515503,-9.484955,-3.3543243
20181016_13:37:30.067000,0.073516846,-9.5112915,-3.2729187
20181016_13:37:30.077000,0.30336,-9.48735,-3.11969
20181016_13:37:30.087000,0.33447266,-9.456223,-2.9257507
20181016_13:37:30.097000,0.26983643,-9.425095,-2.923355
20181016_13:37:30.108000,0.0040740967,-9.386795,-3.1531982
20181016_13:37:30.118000,-0.16830444,-9.362854,-3.3327637
20181016_13:37:30.128000,-0.2999878,-9.3532715,-3.488388
20181016_13:37:30.138000,-0.3789978,-9.326935,-3.768509
20181016_13:37:30.148000,-0.43884277,-9.32933,-3.804428
20181016_13:37:30.158000,-0.4771576,-9.252716,-3.701477
20181016_13:37:30.168000,-0.4915161,-9.164139,-3.6152802
20181016_13:37:30.178000,-0.41729736,-9.042023,-3.5099487
20181016_13:37:30.188000,-0.32632446,-8.948654,-3.488388
20181016_13:37:30.198000,-0.201828,-8.89119,-3.5650024
20181016_13:37:30.208000,-0.16590881,-8.943863,-3.653595
20181016_13:37:30.218000,-0.37660217,-8.991745,-3.4979706
20181016_13:37:30.228000,-0.5346222,-8.998932,-3.385437
20181016_13:37:30.238000,-0.65193176,-8.998932,-3.2992554
20181016_13:37:30.248000,-0.60884094,-8.986954,-3.313614
20181016_13:37:30.258000,-0.5058899,-9.006119,-3.4117737
20181016_13:37:30.268000,-0.30955505,-9.022873,-3.5290985
20181016_13:37:30.278000,-0.11323547,-9.042023,-3.5961304
20181016_13:37:30.288000,0.030410767,-9.070755,-3.5626068
20181016_13:37:30.298000,-0.08929443,-9.0563965,-3.512329
20181016_13:37:30.308000,-0.13238525,-8.984573,-3.6583862
20181016_13:37:30.318000,-0.1802826,-8.903168,-3.8259735
20181016_13:37:30.328000,-0.13717651,-8.828949,-3.7852783
20181016_13:37:30.338000,-0.14915466,-8.730774,-3.7517548
20181016_13:37:30.349000,-0.0868988,-8.63501,-3.6583862
20181016_13:37:30.359000,0.039993286,-8.486572,-3.6583862
20181016_13:37:30.369000,0.114212036,-8.357285,-3.464447
20181016_13:37:30.379000,0.061538696,-8.307007,-3.4261475
20181016_13:37:30.389000,0.07829285,-8.28067,-3.4333344
20181016_13:37:30.399000,0.023239136,-8.244751,-3.512329
20181016_13:37:30.409000,-0.16351318,-8.204056,-3.5219116
20181016_13:37:30.419000,-0.41012573,-8.223206,-3.5099487
20181016_13:37:30.429000,-0.60884094,-8.227997,-3.5147247
20181016_13:37:30.439000,-0.7237549,-8.247147,-3.6128845
20181016_13:37:30.449000,-0.7453003,-8.247147,-3.7733002
20181016_13:37:30.459000,-0.68785095,-8.232788,-4.0462494
20181016_13:37:30.469000,-0.6136322,-8.273483,-4.211441
20181016_13:37:30.479000,-0.59207153,-8.309402,-4.1851044
20181016_13:37:30.489000,-0.5489807,-8.354889,-4.115677
20181016_13:37:30.499000,-0.51545715,-8.354889,-4.091736
20181016_13:37:30.509000,-0.39335632,-8.249542,-4.0989227
20181016_13:37:30.519000,-0.20899963,-8.1418,-4.1539764
20181016_13:37:30.529000,-0.07014465,-7.983795,-4.273697
20181016_13:37:30.539000,-0.022262573,-8.000549,-4.3311462
20181016_13:37:30.549000,-7.171631E-4,-8.292648,-4.4508667
20181016_13:37:30.559000,-0.30238342,-8.790634,-4.357483
20181016_13:37:30.569000,-0.7692566,-9.772263,-4.352707
20181016_13:37:30.579000,-1.379776,-11.0651245,-4.3550873
20181016_13:37:30.589000,-1.8921356,-12.35321,-4.0558167
20181016_13:37:30.600000,-1.8849487,-13.236664,-3.8882294
20181016_13:37:30.610000,-1.5234222,-13.423416,-3.6105042
20181016_13:37:30.620000,-1.4252625,-12.800919,-2.9113922
20181016_13:37:30.630000,-1.6551056,-11.570297,-2.5331116
20181016_13:37:30.640000,-1.4468079,-10.287018,-2.9089966
20181016_13:37:30.650000,-0.10127258,-9.642975,-2.772522
20181016_13:37:30.660000,0.8588104,-9.147369,-1.55867
20181016_13:37:30.670000,0.8300781,-8.49855,-0.2849579
20181016_13:37:30.680000,0.54756165,-8.093918,0.30162048
20181016_13:37:30.690000,0.15969849,-7.852112,0.8690491
20181016_13:37:30.700000,0.2889862,-8.163361,1.6040802
20181016_13:37:30.710000,0.9282379,-9.006119,2.1355896
20181016_13:37:30.720000,1.3137054,-9.880005,1.7357483
20181016_13:37:30.730000,1.2251282,-10.380386,1.0941162
20181016_13:37:30.740000,1.3352509,-10.603043,0.7924347
20181016_13:37:30.750000,1.1628723,-10.662903,0.8882141
20181016_13:37:30.760000,0.7702179,-10.5312195,0.8403168
20181016_13:37:30.770000,0.52841187,-10.263077,0.7924347
20181016_13:37:30.780000,0.063934326,-10.083511,0.37823486
20181016_13:37:30.790000,-0.48194885,-9.906342,-0.11016846
20181016_13:37:30.800000,-1.2361145,-9.690857,-0.7398529
20181016_13:37:30.810000,-1.8921356,-9.544815,-1.2857208
20181016_13:37:30.820000,-2.179428,-9.528046,-1.6711884
20181016_13:37:30.830000,-2.2608337,-9.523254,-1.7071075
20181016_13:37:30.840000,-2.0980377,-9.666916,-1.6855621
20181016_13:37:30.851000,-1.8490295,-9.7243805,-1.6568298
20181016_13:37:30.861000,-1.5162354,-9.8033905,-1.2689667
20181016_13:37:30.871000,-0.9248657,-9.815353,-0.5315552
20181016_13:37:30.881000,-0.35505676,-10.133789,-0.18200684
20181016_13:37:30.891000,0.20758057,-10.468979,-0.19876099
20181016_13:37:30.901000,0.55714417,-10.440247,-0.5842285
20181016_13:37:30.911000,0.79415894,-10.227158,-0.5531006
20181016_13:37:30.921000,1.0718994,-9.930283,-0.22988892
20181016_13:37:30.931000,1.3184967,-9.690857,0.014328003
20181016_13:37:30.941000,1.3376465,-9.544815,0.062210083
20181016_13:37:30.951000,1.1485138,-9.518478,-0.004837036
20181016_13:37:30.972000,0.8085327,-9.698044,0.050231934
20181016_13:37:30.971000,0.3368683,-9.915909,-0.033554077
20181016_13:37:30.981000,-0.1802826,-9.992523,-0.11256409
20181016_13:37:30.991000,-0.59446716,-10.073929,-0.21551514
20181016_13:37:31.001000,-0.9176941,-10.148148,-0.5602875
20181016_13:37:31.011000,-1.0709229,-10.095474,-0.8020935
20181016_13:37:31.021000,-1.2121735,-9.970978,-0.87631226
20181016_13:37:31.031000,-1.2552795,-9.748322,-0.7661896
20181016_13:37:31.041000,-1.0302124,-9.571152,-0.4142456
20181016_13:37:31.051000,-0.8027649,-9.389191,-0.14848328
20181016_13:37:31.061000,-0.6064453,-9.264694,-0.033554077
20181016_13:37:31.071000,-0.56573486,-9.20723,-0.004837036
20181016_13:37:31.081000,-0.62319946,-9.142578,-0.17481995
20181016_13:37:31.091000,-0.64953613,-9.087524,-0.25382996
20181016_13:37:31.102000,-0.5992584,-8.974991,-0.18917847
20181016_13:37:31.112000,-0.36941528,-8.963013,-0.20594788
20181016_13:37:31.174000,-0.19224548,-8.95105,-0.39268494
20181016_13:37:31.132000,-0.10127258,-9.123428,-0.4836731
20181016_13:37:31.142000,-0.16111755,-9.252716,-0.6512604
20181016_13:37:31.152000,-0.4077301,-9.319748,-0.8092804
20181016_13:37:31.162000,-0.6255951,-9.386795,-0.7613983
20181016_13:37:31.172000,-0.7596741,-9.346085,-0.6321106
20181016_13:37:31.182000,-0.8386841,-9.425095,-0.51000977
20181016_13:37:31.192000,-0.8913574,-9.499313,-0.5554962
20181016_13:37:31.202000,-0.85543823,-9.659729,-0.59381104
20181016_13:37:31.212000,-0.8123474,-9.7243805,-0.55070496
20181016_13:37:31.222000,-0.7596741,-9.765076,-0.3400116
20181016_13:37:31.232000,-0.7405243,-9.820145,-0.028778076
20181016_13:37:31.242000,-0.8243103,-9.932663,0.28486633
20181016_13:37:31.252000,-1.0733185,-9.745926,-0.038345337
20181016_13:37:31.262000,-1.2337189,-9.810562,-0.5626831
20181016_13:37:31.272000,-1.1642914,-9.839294,-0.495636
20181016_13:37:31.282000,-1.063736,-9.954224,-0.7183075
20181016_13:37:31.292000,-0.97514343,-10.090683,-0.8451996
20181016_13:37:31.302000,-0.9200897,-9.975769,-1.0678558
20181016_13:37:31.312000,-0.65911865,-9.925491,-0.7207031
20181016_13:37:31.322000,-0.15872192,-10.03801,-0.2490387
20181016_13:37:31.332000,-0.35505676,-9.7291565,-1.1205292
20181016_13:37:31.343000,-0.12760925,-9.597488,-1.3048859
20181016_13:37:31.353000,0.13815308,-9.68367,-1.1013794
20181016_13:37:31.363000,0.31053162,-9.872818,-1.1181335
20181016_13:37:31.373000,0.5715027,-10.162521,-1.4892426
20181016_13:37:31.383000,0.9354248,-10.468979,-2.0279236
20181016_13:37:31.393000,1.4382019,-10.799377,-2.4541016
20181016_13:37:31.403000,1.9002838,-11.381165,-2.4732513
20181016_13:37:31.413000,2.2187195,-12.058716,-1.9561005
20181016_13:37:31.423000,2.5347443,-12.611786,-1.079834
20181016_13:37:31.433000,2.8483887,-12.8871155,-0.102996826
20181016_13:37:31.443000,3.162033,-12.6740265,0.54104614
20181016_13:37:31.453000,3.2314606,-12.23111,0.7445526
20181016_13:37:31.463000,3.0399323,-11.584671,0.60569763
20181016_13:37:31.473000,2.580246,-11.259064,0.3973999
20181016_13:37:31.483000,1.6752319,-11.227936,0.3327484
20181016_13:37:31.493000,0.5092621,-11.036392,0.22740173
20181016_13:37:31.503000,-0.6639099,-10.777817,0.3614807
20181016_13:37:31.513000,-1.3318939,-10.51207,0.5314636
20181016_13:37:31.523000,-1.7365112,-10.332504,0.4189453
20181016_13:37:31.533000,-1.779602,-10.437851,0.052627563
20181016_13:37:31.543000,-1.5090637,-10.655716,0.11248779
20181016_13:37:31.553000,-1.032608,-10.758667,0.57936096
20181016_13:37:31.563000,-0.4699707,-10.914291,1.0462189
20181016_13:37:31.573000,0.23631287,-11.2782135,1.8315277
20181016_13:37:31.583000,0.67445374,-11.730713,4.39093
20181016_13:37:31.593000,0.38235474,-11.869583,6.615143
20181016_13:37:31.604000,-0.13957214,-11.924652,6.162628
20181016_13:37:31.614000,-0.55856323,-11.860001,3.9982758
20181016_13:37:31.624000,-0.5633545,-11.769028,1.6615295
20181016_13:37:31.634000,-0.22337341,-11.728317,0.6368103
20181016_13:37:31.644000,0.5020752,-11.745087,0.0071411133
20181016_13:37:31.654000,0.8707733,-11.608612,-0.26339722
20181016_13:37:31.664000,1.13414,-11.524811,-1.0511017
20181016_13:37:31.674000,1.1125946,-11.306946,-1.4126282
20181016_13:37:31.684000,1.0240021,-10.943024,-1.6161346
20181016_13:37:31.694000,0.27702332,-9.891968,-2.5953522
20181016_13:37:31.704000,-0.8314972,-8.034073,-1.8363953
20181016_13:37:31.714000,-1.9759216,-7.085968,-0.67759705
20181016_13:37:31.724000,-2.945572,-6.726837,0.0765686
20181016_13:37:31.734000,-3.091629,-6.9303436,-0.277771
20181016_13:37:31.744000,-2.6151733,-7.3804474,-0.4333954
20181016_13:37:31.754000,-2.4499817,-7.4833984,-0.77575684
20181016_13:37:31.764000,-1.5928497,-8.29982,-0.55789185
20181016_13:37:31.774000,-1.3893433,-8.496155,-0.9888458
20181016_13:37:31.784000,-1.3414612,-8.481781,-1.4533234
20181016_13:37:31.794000,-1.2289429,-8.448273,-1.9369507
20181016_13:37:31.804000,-1.360611,-8.005341,-2.1117249
20181016_13:37:31.814000,-1.6072235,-7.5217133,-2.020752
20181016_13:37:31.824000,-1.7508698,-7.0883636,-1.886673
20181016_13:37:31.834000,-2.0932465,-6.7723236,-1.8435822
20181016_13:37:31.844000,-2.3350525,-6.516144,-2.020752
20181016_13:37:31.855000,-2.6510925,-6.319824,-2.2218628
20181016_13:37:31.865000,-3.175415,-6.283905,-2.5259247
20181016_13:37:31.875000,-3.0940247,-6.3772736,-2.8563232
20181016_13:37:31.885000,-2.6630554,-6.571213,-3.270523
20181016_13:37:31.895000,-1.8825531,-6.880066,-3.6727448
20181016_13:37:31.905000,-1.1379547,-7.382843,-4.3670654
20181016_13:37:31.915000,-0.6950226,-7.9143524,-4.8650665
20181016_13:37:31.925000,-0.553772,-8.433899,-5.3798065
20181016_13:37:31.935000,-0.59207153,-8.876831,-5.310379
20181016_13:37:31.945000,-0.6279907,-9.032455,-5.317566
20181016_13:37:31.955000,-0.37660217,-9.01091,-5.8299255
20181016_13:37:31.965000,-0.053375244,-8.742752,-6.184265
20181016_13:37:31.975000,0.0064697266,-8.237579,-6.3470764
20181016_13:37:31.985000,-0.15394592,-7.8305664,-6.311157
20181016_13:37:31.995000,-0.2712555,-7.777893,-6.3829803
20181016_13:37:32.005000,-0.27604675,-8.002945,-6.4380493
20181016_13:37:32.015000,-0.553772,-8.469818,-6.732544
20181016_13:37:32.025000,-0.89852905,-8.915131,-6.5170593
20181016_13:37:32.035000,-1.0709229,-9.089905,-5.966385
20181016_13:37:32.045000,-0.84825134,-8.831345,-5.3367157
20181016_13:37:32.055000,-0.70700073,-8.223206,-4.9177246
20181016_13:37:32.065000,-0.6543274,-7.564804,-5.0470123
20181016_13:37:32.075000,-1.0182495,-7.287079,-5.0996857
20181016_13:37:32.085000,-1.4851227,-7.820984,-5.279251
20181016_13:37:32.096000,-2.234497,-9.231171,-5.5066986
20181016_13:37:32.106000,-2.861786,-11.646912,-5.899353
20181016_13:37:32.116000,-3.8889008,-14.687561,-5.760498
20181016_13:37:32.126000,-4.8250275,-17.62764,-5.1691284
20181016_13:37:32.136000,-4.686157,-19.636368,-4.9727936
20181016_13:37:32.146000,-3.7236938,-19.01149,-3.859497
20181016_13:37:32.156000,-1.4803314,-14.996414,-1.3719177
20181016_13:37:32.166000,-1.6934052,-9.113846,-0.4046631
20181016_13:37:32.176000,-3.3526,-5.2927094,0.77568054
20181016_13:37:32.186000,-4.506592,-4.3086853,1.5801392
20181016_13:37:32.196000,-4.930374,-5.058075,0.6799164
20181016_13:37:32.206000,-3.4818726,-6.3653107,0.76849365
20181016_13:37:32.216000,-0.91529846,-7.9694214,0.58413696
20181016_13:37:32.226000,0.9545746,-9.671707,0.9145508
20181016_13:37:32.236000,1.5746765,-10.964569,3.6678772
20181016_13:37:32.246000,3.229065,-11.735504,6.9575043
20181016_13:37:32.256000,5.0366974,-12.657272,7.25679
20181016_13:37:32.266000,4.248993,-13.169632,4.0246124
20181016_13:37:32.276000,2.142105,-12.686005,0.38302612
20181016_13:37:32.286000,1.0120392,-12.07309,-1.1803894
20181016_13:37:32.296000,0.624176,-11.311737,-1.4629059
20181016_13:37:32.306000,0.2387085,-10.279831,-1.5562744
20181016_13:37:32.316000,-0.498703,-8.836121,-1.9752655
20181016_13:37:32.326000,-1.3534393,-7.7036743,-2.5187378
20181016_13:37:32.336000,-2.0070496,-7.0572357,-2.8898468
20181016_13:37:32.347000,-2.7851715,-6.8752747,-3.0047607
20181016_13:37:32.357000,-3.2592163,-7.047653,-2.6552124
20181016_13:37:32.367000,-3.3837128,-7.497772,-2.2290497
20181016_13:37:32.377000,-3.0820465,-8.1154785,-1.4533234
20181016_13:37:32.387000,-2.4068756,-8.766693,-0.945755
20181016_13:37:32.397000,-1.5593414,-9.496933,-0.64408875
20181016_13:37:32.407000,-0.9200897,-9.779434,-0.60098267
20181016_13:37:32.417000,-0.201828,-9.839294,-0.46452332
20181016_13:37:32.427000,0.42546082,-9.695648,0.43569946
20181016_13:37:32.437000,1.0287933,-9.611847,0.67033386
20181016_13:37:32.447000,1.6417084,-9.595093,0.4596405
20181016_13:37:32.457000,1.8691559,-9.405945,0.30880737
20181016_13:37:32.467000,1.6728363,-9.176102,0.13163757
20181016_13:37:32.477000,1.1748352,-9.125824,-0.09820557
20181016_13:37:32.487000,0.49967957,-9.144974,-0.5411377
20181016_13:37:32.497000,0.08547974,-9.271866,-1.0367279
20181016_13:37:32.507000,-0.019866943,-9.437073,-1.3120575
20181016_13:37:32.517000,0.008865356,-9.468201,-1.618515
20181016_13:37:32.527000,0.099853516,-9.535233,-1.6855621
20181016_13:37:32.537000,0.5643158,-9.834503,-0.653656
20181016_13:37:32.547000,0.030410767,-9.492142,-0.88349915
20181016_13:37:32.557000,-0.1850586,-9.200043,-0.7613983
20181016_13:37:32.567000,-0.39814758,-9.03006,-0.72787476
20181016_13:37:32.577000,-0.66630554,-8.81218,-1.2641754
20181016_13:37:32.588000,-0.5130768,-8.845703,-1.5059967
20181016_13:37:32.598000,-0.1443634,-8.963013,-1.6257019
20181016_13:37:32.608000,0.3751831,-9.178497,-1.7813263
20181016_13:37:32.618000,0.92344666,-9.391586,-1.7693634
20181016_13:37:32.628000,1.3591919,-9.583115,-1.4389496
20181016_13:37:32.638000,1.6369171,-9.769867,-0.9242096
20181016_13:37:32.648000,1.7686005,-9.906342,-0.45973206
20181016_13:37:32.658000,1.7853699,-10.040405,-0.105392456
20181016_13:37:32.668000,1.8763428,-10.212799,0.21304321
20181016_13:37:32.678000,1.778183,-10.3181305,0.58413696
20181016_13:37:32.688000,1.3161011,-10.073929,0.45007324
20181016_13:37:32.698000,0.9617615,-9.963791,-0.31607056
20181016_13:37:32.708000,0.63375854,-9.791412,-1.2091064
20181016_13:37:32.718000,0.8468323,-9.74353,-1.3862915
20181016_13:37:32.728000,1.000061,-9.556778,-2.9425201
20181016_13:37:32.738000,0.8276825,-9.417923,-3.8882294
20181016_13:37:32.748000,0.82528687,-9.633392,-3.2417908
20181016_13:37:32.758000,0.90908813,-10.064346,-2.7533722
20181016_13:37:32.768000,1.2945557,-10.92627,-1.941742
20181016_13:37:32.778000,1.4717255,-12.022812,-1.1253204
20181016_13:37:32.788000,2.0104218,-13.2031555,-0.3759308
20181016_13:37:32.798000,2.5682678,-14.043518,0.5530243
20181016_13:37:32.808000,3.0016174,-14.033936,1.4292908
20181016_13:37:32.818000,3.3104706,-13.351593,2.1140442
20181016_13:37:32.828000,3.197937,-12.721909,2.6862488
20181016_13:37:32.839000,2.178009,-12.307724,2.6862488
20181016_13:37:32.849000,0.2315216,-11.91507,2.1284027
20181016_13:37:32.859000,-2.1243744,-11.395523,1.0869293
20181016_13:37:32.869000,-3.9391785,-11.089066,0.7804718
20181016_13:37:32.879000,-5.392456,-10.875992,0.42134094
20181016_13:37:32.889000,-5.368515,-11.072311,0.31599426
20181016_13:37:32.899000,-4.5473022,-11.711563,0.26571655
20181016_13:37:32.909000,-4.1881714,-12.369965,0.045440674
20181016_13:37:32.919000,-3.553711,-12.980484,-0.08862305
20181016_13:37:32.929000,-2.3087158,-12.760223,-0.0024414062
20181016_13:37:32.939000,-1.0421906,-12.159271,0.8379364
20181016_13:37:32.949000,-0.49391174,-11.721146,5.0205994
20181016_13:37:32.959000,-0.81474304,-10.914291,5.9734955
20181016_13:37:32.969000,-1.4372253,-11.192017,3.4332428
20181016_13:37:32.979000,-1.2959747,-11.642136,0.32557678
20181016_13:37:32.989000,-0.66630554,-12.044357,-1.6855621
20181016_13:37:32.999000,0.1477356,-11.883942,-1.2713623
20181016_13:37:33.009000,1.2897644,-11.26384,-0.37113953
20181016_13:37:33.019000,1.8212738,-10.799377,-0.5602875
20181016_13:37:33.029000,1.7159271,-10.124207,-1.2306671
20181016_13:37:33.039000,0.71276855,-8.711624,-2.0470886
20181016_13:37:33.049000,-0.419693,-6.599945,-2.135666
20181016_13:37:33.059000,-1.5737,-5.6063538,-1.5706329
20181016_13:37:33.069000,-2.4667358,-5.536911,-1.1827698
20181016_13:37:33.079000,-2.6199646,-5.967865,-0.7254791
20181016_13:37:33.090000,-2.4116669,-6.3677063,-0.64886475
20181016_13:37:33.100000,-2.3254852,-6.4155884,-1.1755981
20181016_13:37:33.110000,-1.1786652,-7.1147003,-0.7183075
20181016_13:37:33.120000,-0.7405243,-7.3014374,-0.46929932
20181016_13:37:33.130000,-0.48912048,-7.2463684,-0.45733643
20181016_13:37:33.140000,-0.4364624,-6.8393555,-0.6033783
20181016_13:37:33.150000,-0.54418945,-6.631073,-0.96969604
20181016_13:37:33.160000,-0.85543823,-6.465866,-1.2234802
20181016_13:37:33.170000,-1.2792206,-6.4802246,-1.5969696
20181016_13:37:33.180000,-1.542572,-6.599945,-2.056656
20181016_13:37:33.190000,-1.676651,-6.671768,-2.664795
20181016_13:37:33.200000,-1.7365112,-6.8537292,-3.3758698
20181016_13:37:33.210000,-1.6383514,-7.3014374,-4.1731415
20181016_13:37:33.275000,-1.4276581,-7.9095764,-4.843506
20181016_13:37:33.230000,-1.197815,-8.41954,-5.365448
20181016_13:37:33.240000,-1.0685272,-9.027664,-5.7030334
20181016_13:37:33.250000,-1.0230408,-9.42749,-5.753311
20181016_13:37:33.260000,-0.94880676,-9.693253,-5.8227386
20181016_13:37:33.270000,-0.63757324,-9.810562,-5.9807587
20181016_13:37:33.280000,-0.24491882,-9.642975,-6.1651154
20181016_13:37:33.290000,-0.07014465,-9.149765,-5.772461
20181016_13:37:33.300000,-0.41012573,-8.472214,-4.8219604
20181016_13:37:33.310000,-0.9176941,-7.9095764,-3.8307648
20181016_13:37:33.320000,-1.2528839,-7.5312805,-2.9999695
20181016_13:37:33.330000,-1.3414612,-7.29187,-2.8635101
20181016_13:37:33.341000,-1.1044312,-7.220047,-3.5147247
20181016_13:37:33.351000,-0.4484253,-7.5791626,-4.5322723
20181016_13:37:33.361000,0.2746277,-8.02449,-5.4588165
20181016_13:37:33.371000,0.7774048,-8.563187,-6.258484
20181016_13:37:33.381000,1.2993469,-8.87204,-6.4045258
20181016_13:37:33.391000,1.6848145,-8.907959,-6.019058
20181016_13:37:33.401000,1.4549713,-9.085129,-5.6096497
20181016_13:37:33.411000,0.6217804,-9.721985,-5.3606567
20181016_13:37:33.421000,-0.28323364,-10.746704,-4.819565
20181016_13:37:33.431000,-1.2983704,-12.587845,-4.5969086
20181016_13:37:33.441000,-2.6678467,-15.049072,-3.9313202
20181016_13:37:33.451000,-4.4299774,-17.58693,-3.4572754
20181016_13:37:33.461000,-5.9287567,-19.76326,-2.2218628
20181016_13:37:33.471000,-6.582367,-19.894943,-0.30889893
20181016_13:37:33.481000,-6.7308044,-17.426529,-0.55789185
20181016_13:37:33.491000,-5.658203,-12.784164,-2.2170715
20181016_13:37:33.501000,-5.629486,-7.117096,-3.349533
20181016_13:37:33.511000,-5.045288,-4.172226,-1.455719
20181016_13:37:33.521000,-5.150635,-2.6638794,0.40457153
20181016_13:37:33.531000,-5.222458,-2.5369873,0.7732849
20181016_13:37:33.541000,-3.412445,-3.6359253,1.2114258
20181016_13:37:33.551000,-1.7628479,-5.2615814,2.0039062
20181016_13:37:33.561000,-0.5274353,-7.4905853,1.4628143
20181016_13:37:33.571000,0.48770142,-9.858444,2.0398254
20181016_13:37:33.581000,2.9345856,-12.202377,5.003845
20181016_13:37:33.592000,5.589752,-13.85437,6.8473816
20181016_13:37:33.602000,5.280899,-14.725861,4.987076
20181016_13:37:33.612000,2.6736145,-14.165619,1.8746185
20181016_13:37:33.622000,0.22912598,-12.994858,-0.3687439
20181016_13:37:33.632000,-0.8626251,-11.680435,-1.9058228
20181016_13:37:33.642000,-1.1403503,-10.186462,-2.0327148
20181016_13:37:33.652000,-1.6048279,-8.838516,-2.4493103
20181016_13:37:33.662000,-2.2823792,-7.8952026,-2.8180237
20181016_13:37:33.672000,-2.8091125,-7.7515564,-2.1069336
20181016_13:37:33.682000,-2.8881226,-8.22081,-1.0391235
20181016_13:37:33.692000,-2.605606,-8.876831,0.06700134
20181016_13:37:33.702000,-2.2273254,-9.279053,0.6727295
20181016_13:37:33.712000,-1.9567719,-9.319748,0.8594818
20181016_13:37:33.762000,-1.786789,-9.03006,0.57936096
20181016_13:37:33.772000,-1.4372253,-8.953445,0.3758545
20181016_13:37:33.742000,-0.8913574,-9.12822,0.1412201
20181016_13:37:33.752000,-0.24731445,-9.350876,0.27290344
20181016_13:37:33.762000,0.59783936,-9.559174,0.5434418
20181016_13:37:33.772000,1.3137054,-9.547211,0.8283539
20181016_13:37:33.782000,1.7326965,-9.686066,0.979187
20181016_13:37:33.792000,1.8739471,-9.918304,1.0821381
20181016_13:37:33.802000,1.6656494,-10.203217,1.0964966
20181016_13:37:33.812000,1.2418823,-10.339691,1.2090302
20181016_13:37:33.822000,0.916275,-10.368408,1.1779022
20181016_13:37:33.833000,0.7367096,-10.246307,1.276062
20181016_13:37:33.843000,1.1317444,-10.251099,1.9033508
20181016_13:37:33.853000,0.7079773,-9.793808,0.5554199
20181016_13:37:33.863000,0.6217804,-9.123428,0.028686523
20181016_13:37:33.873000,0.76782227,-8.838516,-0.3759308
20181016_13:37:33.883000,0.8875427,-8.781067,-0.4262085
20181016_13:37:33.893000,1.0240021,-8.948654,-0.22509766
20181016_13:37:33.903000,1.1724548,-9.085129,-0.23706055
20181016_13:37:33.913000,1.1173859,-9.247925,-0.31607056
20181016_13:37:33.923000,1.0623169,-9.451431,-0.30171204
20181016_13:37:33.933000,0.9258423,-9.630997,-0.047927856
20181016_13:37:33.943000,0.7510681,-9.786621,0.1053009
20181016_13:37:33.953000,0.7558594,-10.006897,0.2824707
20181016_13:37:33.963000,0.39193726,-10.054779,-0.43818665
20181016_13:37:33.973000,0.4733429,-9.90155,-0.5890198
20181016_13:37:33.983000,0.6313629,-9.944641,-0.42141724
20181016_13:37:33.993000,0.7869873,-10.073929,-0.50042725
20181016_13:37:34.003000,1.0024567,-10.076324,-0.45733643
20181016_13:37:34.013000,1.158081,-9.851273,-0.34240723
20181016_13:37:34.023000,1.2610321,-9.638184,-0.46929932
20181016_13:37:34.033000,1.3184967,-9.532837,-0.6728058
20181016_13:37:34.043000,1.4956665,-9.623825,-0.7996979
20181016_13:37:34.053000,1.6153717,-9.882385,-0.85476685
20181016_13:37:34.063000,1.6273499,-9.772263,-0.75660706
20181016_13:37:34.073000,1.5507355,-9.616638,-0.71351624
20181016_13:37:34.084000,1.2155457,-9.463409,-1.0726471
20181016_13:37:34.094000,1.1317444,-9.360458,-1.5969696
20181016_13:37:34.104000,0.8564148,-8.972595,-1.40065
20181016_13:37:34.114000,0.7486725,-8.484177,-0.77815247
20181016_13:37:34.124000,1.2394867,-8.582336,-0.7590027
20181016_13:37:34.134000,1.3999023,-8.544037,-0.95292664
20181016_13:37:34.144000,1.3208923,-8.421936,-1.3862915
20181016_13:37:34.154000,1.7087555,-8.618256,-1.8124542
20181016_13:37:34.164000,1.8595886,-9.173706,-1.8244171
20181016_13:37:34.174000,2.0343628,-10.052383,-1.2713623
20181016_13:37:34.184000,2.051117,-11.129776,-0.39987183
20181016_13:37:34.194000,1.6321411,-11.998871,0.26332092
20181016_13:37:34.204000,1.2490692,-12.405884,0.54104614
20181016_13:37:34.214000,1.0814667,-12.640518,0.47401428
20181016_13:37:34.224000,0.7558594,-12.94458,0.37823486
20181016_13:37:34.234000,0.5236206,-12.939789,0.90257263
20181016_13:37:34.244000,-0.019866943,-12.532776,1.3167725
20181016_13:37:34.254000,-1.0517578,-12.173645,0.92411804
20181016_13:37:34.264000,-2.4835052,-11.771423,0.20825195
20181016_13:37:34.274000,-4.0062103,-11.261459,-0.5602875
20181016_13:37:34.284000,-5.387665,-11.074707,-1.1995392
20181016_13:37:34.294000,-5.562439,-11.656494,-1.3862915
20181016_13:37:34.304000,-4.9279785,-12.334061,-0.8858948
20181016_13:37:34.314000,-4.142685,-12.554321,-0.8475952
20181016_13:37:34.324000,-2.981491,-12.29335,1.3239594
20181016_13:37:34.335000,-2.1483154,-11.536789,4.9583435
20181016_13:37:34.345000,-1.6287689,-11.311737,5.492264
20181016_13:37:34.355000,-0.9512024,-11.534393,2.2960052
20181016_13:37:34.365000,-0.07733154,-11.558334,-0.5124054
20181016_13:37:34.375000,0.7486725,-11.4960785,-0.9361725
20181016_13:37:34.385000,1.7159271,-11.08667,-0.081451416
20181016_13:37:34.395000,2.1157684,-10.713181,0.66075134
20181016_13:37:34.405000,1.6728363,-10.389969,0.23698425
20181016_13:37:34.415000,0.81092834,-10.03801,-0.87153625
20181016_13:37:34.425000,0.24589539,-9.853668,-1.7549896
20181016_13:37:34.435000,-0.95599365,-8.429108,-2.6671753
20181016_13:37:34.445000,-1.676651,-7.236801,-2.9568787
20181016_13:37:34.455000,-2.7348938,-6.690918,-2.3990326
20181016_13:37:34.465000,-3.5082092,-6.516144,-1.7693634
20181016_13:37:34.475000,-3.8912811,-6.631073,-1.4724731
20181016_13:37:34.485000,-3.680603,-6.999771,-1.4892426
20181016_13:37:34.495000,-2.8378448,-7.425934,-1.6951294
20181016_13:37:34.505000,-1.8418579,-7.8856354,-2.2362213
20181016_13:37:34.515000,-0.80755615,-8.216034,-2.5642242
20181016_13:37:34.525000,0.24349976,-8.826553,-2.8778687
20181016_13:37:34.535000,0.62657166,-9.226379,-2.9568787
20181016_13:37:34.545000,0.48770142,-9.01329,-2.9209747
20181016_13:37:34.555000,0.08547974,-8.405167,-3.1484222
20181016_13:37:34.565000,-0.46757507,-7.698883,-3.294464
20181016_13:37:34.576000,-0.8099518,-7.157791,-3.2848816
20181016_13:37:34.586000,-1.0900726,-6.7172546,-3.253769
20181016_13:37:34.596000,-1.1523285,-6.568817,-3.258545
20181016_13:37:34.606000,-1.0517578,-6.7603455,-3.3734741
20181016_13:37:34.616000,-0.9464264,-7.0117493,-3.6703491
20181016_13:37:34.626000,-0.7596741,-7.2463684,-3.9839935
20181016_13:37:34.636000,-0.49630737,-7.485794,-4.242569
20181016_13:37:34.646000,-0.39335632,-7.797043,-4.5370483
20181016_13:37:34.656000,-0.2137909,-7.9574585,-4.84111
20181016_13:37:34.666000,-0.280838,-8.029282,-5.1930695
20181016_13:37:34.676000,-0.46040344,-8.089142,-5.461212
20181016_13:37:34.686000,-0.43167114,-8.21843,-5.7509155
20181016_13:37:34.696000,-0.50349426,-8.371658,-6.0118866
20181016_13:37:34.706000,-0.76446533,-8.565582,-6.1148376
20181016_13:37:34.716000,-0.79797363,-8.716415,-6.167511
20181016_13:37:34.726000,-0.7405243,-8.771484,-6.069336
20181016_13:37:34.736000,-0.9607849,-8.702057,-6.0118866
20181016_13:37:34.746000,-1.3175201,-8.472214,-5.875412
20181016_13:37:34.756000,-1.6000366,-8.266312,-5.1427917
20181016_13:37:34.766000,-1.8849487,-8.151382,-4.896179
20181016_13:37:34.776000,-2.1914062,-8.084351,-4.6280365
20181016_13:37:34.786000,-2.3063202,-8.108292,-4.448471
20181016_13:37:34.796000,-2.1722565,-8.247147,-4.4939575
20181016_13:37:34.806000,-1.8729706,-8.307007,-4.7238007
20181016_13:37:34.816000,-1.3462524,-8.223206,-5.037445
20181016_13:37:34.827000,-0.92726135,-8.031677,-5.3869934
20181016_13:37:34.837000,-0.5370178,-7.7563477,-5.772461
20181016_13:37:34.847000,-0.22816467,-7.5384674,-6.1411743
20181016_13:37:34.857000,0.2602539,-7.4331207,-6.2010193
20181016_13:37:34.867000,0.52841187,-7.153,-5.6527557
20181016_13:37:34.877000,0.7151489,-7.3086243,-5.499527
20181016_13:37:34.887000,0.28659058,-8.137024,-5.2337646
20181016_13:37:34.897000,-0.8195343,-9.583115,-5.1188507
20181016_13:37:34.907000,-2.5529327,-11.716354,-4.146805
20181016_13:37:34.917000,-4.5329285,-14.036331,-3.0981445
20181016_13:37:34.927000,-5.531311,-16.411377,-1.7909088
20181016_13:37:34.937000,-6.328583,-18.767273,-1.9537048
20181016_13:37:34.947000,-6.484207,-19.375397,-1.673584
20181016_13:37:34.957000,-4.3940735,-17.56778,-1.8723145
20181016_13:37:34.967000,-2.265625,-12.575867,-1.6089478
20181016_13:37:34.977000,-2.356598,-8.189697,-1.2833405
20181016_13:37:34.987000,-2.7324982,-5.580017,-1.3240356
20181016_13:37:34.997000,-4.20253,-4.239258,-0.5267639
20181016_13:37:35.007000,-4.863327,-4.0764465,0.6009064
20181016_13:37:35.017000,-3.8889008,-4.373337,1.762085
20181016_13:37:35.027000,-2.4523773,-5.3477783,2.7820282
20181016_13:37:35.037000,-0.953598,-7.0907593,2.6862488
20181016_13:37:35.047000,1.4693298,-9.738739,3.038208
20181016_13:37:35.057000,4.2394257,-12.305328,4.6973877
20181016_13:37:35.067000,4.8403625,-13.6341095,5.3917084
20181016_13:37:35.078000,3.0518951,-13.959717,3.754074
20181016_13:37:35.088000,1.2227325,-13.373138,1.6327972
20181016_13:37:35.098000,0.07829285,-12.527985,-0.33763123
20181016_13:37:35.108000,-1.2361145,-11.1992035,-1.2043304
20181016_13:37:35.118000,-2.1674652,-9.760284,-1.5395203
20181016_13:37:35.128000,-2.945572,-8.520096,-1.2306671
20181016_13:37:35.138000,-3.4387817,-7.986191,-1.4748688
20181016_13:37:35.148000,-3.5106049,-7.8975983,-2.1907349
20181016_13:37:35.158000,-3.0317688,-8.093918,-2.6408386
20181016_13:37:35.168000,-2.1602783,-8.512909,-2.0782013
20181016_13:37:35.178000,-1.482727,-8.958237,-0.94096375
20181016_13:37:35.188000,-1.1188049,-9.34848,-0.18440247
20181016_13:37:35.198000,-0.70700073,-9.547211,0.071777344
20181016_13:37:35.208000,-0.048599243,-9.642975,0.052627563
20181016_13:37:35.218000,0.56192017,-9.654938,0.20106506
20181016_13:37:35.228000,1.0814667,-9.583115,0.40457153
20181016_13:37:35.238000,1.3855286,-9.449036,0.026290894
20181016_13:37:35.248000,1.6656494,-9.420319,-0.28016663
20181016_13:37:35.258000,1.5555267,-9.223984,-0.4477539
20181016_13:37:35.268000,1.4525757,-9.190475,-0.866745
20181016_13:37:35.278000,1.4286346,-9.310181,-1.297699
20181016_13:37:35.288000,1.3520203,-9.58551,-1.4964142
20181016_13:37:35.298000,1.1461182,-9.829727,-1.4221954
20181016_13:37:35.308000,0.84443665,-9.918304,-1.1660156
20181016_13:37:35.318000,0.55474854,-9.927887,-0.9361725
20181016_13:37:35.329000,0.22912598,-9.765076,-0.811676
20181016_13:37:35.339000,-0.12521362,-9.556778,-0.8404083
20181016_13:37:35.349000,-0.38378906,-9.223984,-0.81407166
20181016_13:37:35.359000,-0.64234924,-9.068359,-0.9744873
20181016_13:37:35.369000,-0.53222656,-9.087524,-0.9433594
20181016_13:37:35.379000,-0.7429199,-9.0923,-1.029541
20181016_13:37:35.389000,-0.5825043,-9.1354065,-1.4820557
20181016_13:37:35.399000,-0.32632446,-9.226379,-1.4174042
20181016_13:37:35.409000,0.008865356,-9.334122,-1.2929077
20181016_13:37:35.419000,0.3464508,-9.647766,-1.1899567
20181016_13:37:35.429000,0.6217804,-9.767471,-1.2043304
20181016_13:37:35.439000,0.7702179,-9.688461,-1.3886719
20181016_13:37:35.449000,1.0862579,-9.650162,-0.9385681
20181016_13:37:35.459000,1.1844177,-9.721985,-0.3974762
20181016_13:37:35.469000,1.0455627,-9.786621,-0.17481995
20181016_13:37:35.479000,0.9617615,-9.810562,-0.19636536
20181016_13:37:35.489000,0.71276855,-9.767471,-0.39508057
20181016_13:37:35.499000,0.59783936,-9.772263,-0.5315552
20181016_13:37:35.509000,0.51164246,-9.700439,-0.5028229
20181016_13:37:35.519000,0.25308228,-9.60466,-0.86434937
20181016_13:37:35.529000,0.13815308,-9.530441,-0.9074402
20181016_13:37:35.539000,0.0016784668,-9.554382,-0.98405457
20181016_13:37:35.549000,-0.29759216,-9.42749,-1.4844513
20181016_13:37:35.559000,-0.44602966,-9.355667,-1.7957001
20181016_13:37:35.570000,-0.419693,-9.374817,-2.044693
20181016_13:37:35.580000,-0.25689697,-9.338913,-2.1260986
20181016_13:37:35.590000,0.1764679,-9.544815,-2.0351105
20181016_13:37:35.600000,0.78219604,-9.982956,-1.4461365
20181016_13:37:35.610000,1.2658234,-10.528824,-1.4054413
20181016_13:37:35.620000,1.8093109,-11.103439,-1.1109467
20181016_13:37:35.630000,2.403061,-11.812119,-0.6799927
20181016_13:37:35.640000,2.8124695,-12.302933,-0.23945618
20181016_13:37:35.650000,3.1165466,-12.446579,0.2537384
20181016_13:37:35.660000,3.09021,-12.561508,1.0845337
20181016_13:37:35.670000,2.9537354,-12.602203,2.0948792
20181016_13:37:35.680000,2.4988403,-12.267014,2.8227234
20181016_13:37:35.690000,1.2299042,-12.058716,2.4085236
20181016_13:37:35.700000,-0.9464264,-11.809723,1.0462189
20181016_13:37:35.710000,-2.9910736,-11.249481,0.09333801
20181016_13:37:35.720000,-4.2767487,-10.832886,-0.031173706
20181016_13:37:35.730000,-5.193741,-10.643753,-0.019195557
20181016_13:37:35.740000,-5.466675,-10.638962,-0.057495117
20181016_13:37:35.750000,-4.7029266,-11.213562,0.038269043
20181016_13:37:35.760000,-3.9918518,-12.089844,0.15318298
20181016_13:37:35.770000,-2.981491,-12.415451,0.25613403
20181016_13:37:35.780000,-1.0517578,-12.365173,0.9432678
20181016_13:37:35.790000,0.7295227,-12.255051,2.564148
20181016_13:37:35.800000,1.1748352,-11.67804,4.4436035
20181016_13:37:35.810000,0.8204956,-11.259064,3.892929
20181016_13:37:35.821000,0.34165955,-11.467346,1.5035248
20181016_13:37:35.831000,0.45419312,-11.855209,-0.9433594
20181016_13:37:35.841000,0.77500916,-12.008438,-1.4629059
20181016_13:37:35.851000,1.1772308,-11.910278,-0.23945618
20181016_13:37:35.861000,1.5387573,-11.670868,0.45484924
20181016_13:37:35.871000,1.1987915,-11.06752,-0.2083435
20181016_13:37:35.881000,0.9138794,-10.734726,-1.029541
20181016_13:37:35.891000,0.30336,-10.124207,-1.2761536
20181016_13:37:35.901000,-0.52264404,-8.426712,-1.4413452
20181016_13:37:35.911000,-1.1882324,-6.9494934,-1.7142944
20181016_13:37:35.921000,-1.9208527,-6.2001038,-1.6759796
20181016_13:37:35.931000,-2.471527,-5.8577423,-1.1803894
20181016_13:37:35.941000,-2.3589935,-6.180954,-0.8380127
20181016_13:37:35.951000,-1.7843933,-6.6262817,-0.47409058
20181016_13:37:35.961000,-1.197815,-7.141037,-0.3352356
20181016_13:37:35.971000,-0.8530426,-7.2344055,-0.5243683
20181016_13:37:35.981000,-0.25927734,-7.691696,-0.47888184
20181016_13:37:35.991000,-0.45082092,-7.6845093,-0.8954773
20181016_13:37:36.001000,-0.553772,-7.612686,-1.0989838
20181016_13:37:36.011000,-1.111618,-7.3852386,-1.3982544
20181016_13:37:36.021000,-1.3055573,-7.260742,-1.7310486
20181016_13:37:36.031000,-1.8226929,-7.1506042,-1.9513092
20181016_13:37:36.041000,-2.095642,-7.169754,-2.334381
20181016_13:37:36.051000,-2.1052094,-7.2966614,-2.6240845
20181016_13:37:36.061000,-2.0669098,-7.497772,-2.954483
20181016_13:37:36.072000,-1.8681946,-7.7874603,-3.4620514
20181016_13:37:36.082000,-1.5569458,-8.110687,-3.9720154
20181016_13:37:36.092000,-1.3773804,-8.5464325,-4.498749
20181016_13:37:36.102000,-1.1595001,-8.912735,-4.8818207
20181016_13:37:36.112000,-1.0924683,-9.144974,-5.0996857
20181016_13:37:36.122000,-0.9967041,-9.391586,-5.085327
20181016_13:37:36.132000,-1.1331635,-9.362854,-4.6687317
20181016_13:37:36.142000,-1.0972595,-9.0923,-4.10849
20181016_13:37:36.152000,-0.9871216,-8.644592,-3.7996368
20181016_13:37:36.162000,-0.76446533,-7.9813995,-3.5458527
20181016_13:37:36.172000,-0.42687988,-7.322983,-3.6344452
20181016_13:37:36.182000,0.12617493,-6.892029,-4.1180725
20181016_13:37:36.192000,0.7845917,-6.968643,-4.8267517
20181016_13:37:36.202000,1.2754059,-7.44989,-5.5258636
20181016_13:37:36.212000,1.5842438,-8.22081,-6.0429993
20181016_13:37:36.222000,1.4956665,-9.080338,-6.512268
20181016_13:37:36.232000,1.6225586,-9.903946,-6.505081
20181016_13:37:36.242000,1.7590332,-9.774658,-5.9520264
20181016_13:37:36.252000,1.6297455,-9.180893,-5.317566
20181016_13:37:36.262000,1.589035,-8.63501,-4.975189
20181016_13:37:36.272000,1.4238434,-8.194473,-4.819565
20181016_13:37:36.282000,1.3208923,-7.70607,-4.52269
20181016_13:37:36.292000,1.0623169,-7.31102,-4.3598785
20181016_13:37:36.302000,0.73431396,-7.2774963,-4.2377777
20181016_13:37:36.312000,0.27223206,-7.9694214,-4.096527
20181016_13:37:36.323000,-0.8338928,-9.571152,-3.6488037
20181016_13:37:36.333000,-2.4427948,-12.027603,-3.337555
20181016_13:37:36.343000,-3.8817139,-14.78093,-3.842743
20181016_13:37:36.353000,-5.325409,-17.263718,-4.4939575
20181016_13:37:36.363000,-6.5177307,-19.2126,-4.0342712
20181016_13:37:36.373000,-6.508148,-19.894943,-2.954483
20181016_13:37:36.383000,-6.527298,-18.08014,-2.05188
20181016_13:37:36.393000,-5.203308,-14.634888,-4.3742523
20181016_13:37:36.403000,-2.4811096,-10.849655,-6.5936737
20181016_13:37:36.413000,-0.8674164,-7.6581726,-2.7437897
20181016_13:37:36.423000,-0.7764282,-5.311859,0.4380951
20181016_13:37:36.433000,-2.289566,-3.394104,-0.06947327
20181016_13:37:36.443000,-4.190567,-2.7357025,0.39260864
20181016_13:37:36.474000,-4.961502,-2.8697815,1.8554688
20181016_13:37:36.463000,-4.3342133,-3.7556305,3.2776184
20181016_13:37:36.473000,-2.3805542,-5.9726562,3.9671478
20181016_13:37:36.483000,1.0718994,-9.717194,3.6367493
20181016_13:37:36.493000,5.493988,-13.844803,3.5912628
20181016_13:37:36.503000,7.533844,-16.3228,4.3454285
20181016_13:37:36.513000,5.5562286,-15.896622,3.540985
20181016_13:37:36.523000,2.2833557,-13.823242,1.4532318
20181016_13:37:36.533000,-0.31913757,-11.371582,-0.18200684
20181016_13:37:36.543000,-1.6311646,-9.561569,-1.0056
20181016_13:37:36.553000,-2.399704,-8.429108,-1.9201965
20181016_13:37:36.564000,-3.5872192,-7.734787,-3.0789795
20181016_13:37:36.574000,-4.6167297,-7.662964,-3.3543243
20181016_13:37:36.584000,-4.4970245,-8.177719,-2.1620026
20181016_13:37:36.594000,-3.6758118,-8.862457,-0.8188629
20181016_13:37:36.604000,-2.909668,-9.530441,0.023895264
20181016_13:37:36.614000,-2.3350525,-9.757889,0.22740173
20181016_13:37:36.624000,-2.059723,-9.537628,0.62724304
20181016_13:37:36.634000,-1.6000366,-9.370026,0.8139801
20181016_13:37:36.644000,-1.0469818,-9.233566,1.1874847
20181016_13:37:36.654000,-0.036621094,-9.439468,0.98876953
20181016_13:37:36.664000,0.9497833,-9.707611,0.9073639
20181016_13:37:36.674000,1.8356476,-9.875214,1.0725555
20181016_13:37:36.684000,2.3934937,-10.01886,1.2066345
20181016_13:37:36.694000,2.6855774,-10.042801,1.1874847
20181016_13:37:36.704000,2.6736145,-10.188843,1.0629883
20181016_13:37:36.714000,2.3408203,-10.270248,0.7086487
20181016_13:37:36.724000,1.8308563,-10.203217,0.3806305
20181016_13:37:36.734000,1.2562408,-9.978165,0.09094238
20181016_13:37:36.744000,0.8683777,-9.8081665,-0.32325745
20181016_13:37:36.754000,0.1764679,-9.475372,-1.1205292
20181016_13:37:36.764000,0.051956177,-9.262299,-1.2881165
20181016_13:37:36.774000,-0.24012756,-9.0923,-1.2689667
20181016_13:37:36.784000,-0.35984802,-8.807388,-0.9026489
20181016_13:37:36.794000,-0.62319946,-8.833725,-0.92181396
20181016_13:37:36.804000,-0.51545715,-9.063568,-0.24424744
20181016_13:37:36.815000,-0.42448425,-9.264694,-0.16044617
20181016_13:37:36.825000,-0.1443634,-9.508896,-0.35198975
20181016_13:37:36.835000,0.13096619,-9.800995,-0.44535828
20181016_13:37:36.845000,0.54756165,-9.9207,-0.48127747
20181016_13:37:36.855000,0.87316895,-9.915909,-0.51000977
20181016_13:37:36.865000,1.031189,-9.779434,-0.6680298
20181016_13:37:36.875000,1.1820221,-9.616638,-0.5315552
20181016_13:37:36.885000,1.2993469,-9.568756,-0.495636
20181016_13:37:36.895000,1.3951111,-9.504105,-0.44535828
20181016_13:37:36.905000,1.589035,-9.468201,-0.39268494
20181016_13:37:36.915000,1.723114,-9.532837,-0.33044434
20181016_13:37:36.925000,1.8141022,-9.721985,-0.52197266
20181016_13:37:36.935000,1.857193,-9.896759,-0.64408875
20181016_13:37:36.945000,1.8954926,-9.968582,-0.8404083
20181016_13:37:36.955000,1.8619843,-10.138565,-0.90026855
20181016_13:37:36.965000,1.462143,-10.287018,-0.9074402
20181016_13:37:36.975000,0.93063354,-10.119415,-1.3551636
20181016_13:37:36.985000,0.43502808,-9.959,-1.139679
20181016_13:37:36.995000,-0.09169006,-9.798599,-1.2234802
20181016_13:37:37.005000,-0.44602966,-9.5903015,-1.3743134
20181016_13:37:37.015000,-0.45082092,-9.288635,-1.5466919
20181016_13:37:37.025000,-0.37420654,-8.888794,-1.649643
20181016_13:37:37.035000,-0.1802826,-8.599106,-1.6400757
20181016_13:37:37.045000,0.044784546,-8.527267,-1.6041565
20181016_13:37:37.055000,0.32969666,-8.644592,-1.4652863
20181016_13:37:37.066000,0.54037476,-9.068359,-1.1516571
20181016_13:37:37.076000,0.84443665,-9.875214,-0.5554962
20181016_13:37:37.086000,1.3687744,-11.275818,0.21304321
20181016_13:37:37.096000,1.6153717,-12.5950165,0.6224518
20181016_13:37:37.106000,1.6800232,-13.301315,0.92411804
20181016_13:37:37.116000,1.1844177,-13.327652,1.3191681
20181016_13:37:37.126000,0.4446106,-13.100204,1.4245148
20181016_13:37:37.136000,-0.44363403,-12.717133,1.1707306
20181016_13:37:37.146000,-1.3989258,-12.008438,0.68470764
20181016_13:37:37.156000,-2.1890106,-11.201599,-0.009613037
20181016_13:37:37.166000,-2.569687,-10.624588,-0.2993164
20181016_13:37:37.176000,-2.806717,-10.131393,-0.08622742
20181016_13:37:37.186000,-3.2999268,-9.674103,-0.004837036
20181016_13:37:37.196000,-3.7979126,-9.202438,-0.19396973
20181016_13:37:37.206000,-4.372528,-8.903168,-0.2993164
20181016_13:37:37.216000,-4.3581543,-8.927109,-0.081451416
20181016_13:37:37.226000,-4.214508,-9.130615,0.3471222
20181016_13:37:37.236000,-3.86734,-9.437073,1.0127106
20181016_13:37:37.246000,-2.6534882,-9.863235,1.4077454
20181016_13:37:37.256000,-0.34068298,-10.643753,5.3366394
20181016_13:37:37.266000,-0.1515503,-11.287796,4.043762
20181016_13:37:37.276000,0.068725586,-11.716354,1.0988922
20181016_13:37:37.286000,0.066329956,-11.850433,-0.8451996
20181016_13:37:37.296000,0.008865356,-11.802536,-1.2498169
20181016_13:37:37.306000,0.07829285,-11.824097,-0.95054626
20181016_13:37:37.317000,-0.2928009,-11.826477,-0.1580658
20181016_13:37:37.327000,-1.2049866,-11.716354,0.021499634
20181016_13:37:37.337000,-1.9639587,-11.6540985,-0.4333954
20181016_13:37:37.347000,-2.344635,-11.393127,-1.1061554
20181016_13:37:37.357000,-2.5768738,-10.737122,-1.2138977
20181016_13:37:37.367000,-2.4499817,-9.963791,-1.8172455
20181016_13:37:37.377000,-3.0820465,-8.053223,-3.0310974
20181016_13:37:37.387000,-3.3023071,-6.643036,-3.392624
20181016_13:37:37.397000,-3.278366,-6.5903625,-2.633667
20181016_13:37:37.407000,-2.8162842,-6.9734344,-2.0327148
20181016_13:37:37.417000,-2.1291504,-7.399597,-1.7310486
20181016_13:37:37.427000,-1.166687,-7.9430847,-1.9225922
20181016_13:37:37.437000,-0.47236633,-8.335739,-1.9776459
20181016_13:37:37.447000,-0.039016724,-8.539246,-1.7909088
20181016_13:37:37.457000,0.049560547,-8.465027,-1.6687927
20181016_13:37:37.467000,0.27702332,-8.407562,-1.5921783
20181016_13:37:37.477000,0.2602539,-8.268707,-1.9537048
20181016_13:37:37.487000,0.24589539,-8.18251,-2.3224182
20181016_13:37:37.497000,0.097457886,-8.168137,-2.5809937
20181016_13:37:37.507000,-0.1802826,-8.129837,-2.6168976
20181016_13:37:37.517000,-0.2640686,-8.409958,-3.1101074
20181016_13:37:37.527000,-0.56573486,-8.687683,-3.4692383
20181016_13:37:37.537000,-0.9512024,-8.807388,-3.787674
